metric_id,指标名称,别名与英文,关联验收题,精确计算公式_字段级,sqlTemplate_绑定变量,params,数据来源_表与字段,现成过程或报表,维度与下钻,时间粒度与界定,边界与例外,参考值_测试库观测,归属与确认
M01,炼钢炉次数,"炉数；冶炼炉次；出钢炉数；heat count","Q01,Q02,Q03,Q04,Q62","COUNT(*)；表=SMS_HEAT；过滤=CRT_TM落在[起,止)；无分母","select count(*) from SMS_HEAT where CRT_TM >= to_date(:date_from,'YYYY-MM-DD') and CRT_TM < to_date(:date_to,'YYYY-MM-DD')+1","date_from,date_to(自然日,闭开区间)","MESAPUSER.SMS_HEAT(CRT_TM,HEAT_NO,STD_STLGRD,CAST_NO,HEAT_STS)","报表:六安SMSA4040炼钢生产时刻表(人工核对入口)；无现成过程","钢种=STD_STLGRD(2024-07空值率61%,下钻须提示空值面)；浇次=CAST_NO","日/月；当前口径=炉次登记时间CRT_TM自然日；是否改用出钢时间待业务确认(J2)","HEAT_STS空(15,472)与'2'(10,506)均计入,状态含义未裁决(J1)；1月/12月各1条边界记录靠时间窗自然排除","稳态月2,850~4,271炉(2024-03~11)","建议归属:炼钢事业部；确认人签字:____；裁决点J1,J2"
M02,板坯切割量_块数,"板坯产量(块)；切割块数；slab count","Q10,Q13,Q57","COUNT(*)；表=SMS_SLAB；过滤=SLAB_CUT_DTM落在[起,止)；无分母","select count(*) from SMS_SLAB where SLAB_CUT_DTM >= :dtm_from and SLAB_CUT_DTM < :dtm_to","dtm_from,dtm_to(YYYYMMDDHH24MISS字符串,字符比较)","MESAPUSER.SMS_SLAB(SLAB_CUT_DTM,SLAB_NO,SLAB_WGT,SLAB_STS,HEAT_NO)","报表:六安SMSA5025板坯切割实绩/SMSA5070生产实绩查询","炉号=HEAT_NO；坯型=PLAN_SLAB_THK/PLAN_SLAB_WTH","班/日/月；SLAB_CUT_DTM为字符列YYYYMMDDHH24MISS","该列仅50,591/147,569非空,覆盖窗2024-03-18~09-28,窗外月份应答'无数据'而非0；SLAB_STS不过滤(2进行/3结束均计)","峰值2024-08 11,208块/月","建议归属:炼钢事业部；确认人签字:____"
M03,板坯切割量_重量,"板坯产量(吨)；坯产量；slab tonnage","Q10,Q13","SUM(SLAB_WGT)；表=SMS_SLAB；过滤同M02；无分母","select round(sum(SLAB_WGT)) from SMS_SLAB where SLAB_CUT_DTM >= :dtm_from and SLAB_CUT_DTM < :dtm_to","dtm_from,dtm_to(同M02)","MESAPUSER.SMS_SLAB(SLAB_WGT)","同M02","同M02","同M02","SLAB_WGT单位=吨[推断,均值11~12吨/块与板坯自重一致,待计量确认J13]；重量NULL的行计块数不计吨并提示缺数","2024-07 114,960吨","建议归属:炼钢事业部；确认人签字:____；裁决点J13"
M04,板坯平均单重,"平均坯重；avg slab weight","Q11,Q51,Q63","SUM(SLAB_WGT)/COUNT(*)；表=SMS_SLAB；过滤同M02","select round(sum(SLAB_WGT)/nullif(count(*),0),2) from SMS_SLAB where SLAB_CUT_DTM >= :dtm_from and SLAB_CUT_DTM < :dtm_to","dtm_from,dtm_to(同M02)","MESAPUSER.SMS_SLAB(SLAB_WGT,SLAB_CUT_DTM)","无","坯型=PLAN_SLAB_THK/WTH(单重差异主因)","日/月","除零:窗口内无记录返回无数据(nullif防除零),不返回0","3月14.70吨→5月10.60吨→6~9月11.2~12.0吨平台","建议归属:炼钢事业部；确认人签字:____"
M05,钢板完工量_块数,"完工块数；产量(块)；plate output count","Q15,Q16,Q22,Q59","COUNT(*)；表=SPR_PLATE；过滤=FIN_SUMUP_DT落在[起,止)；无分母","select count(*) from SPR_PLATE where FIN_SUMUP_DT >= :d_from and FIN_SUMUP_DT < :d_to","d_from,d_to(YYYYMMDD 8位字符,字符比较)","MESAPUSER.SPR_PLATE(FIN_SUMUP_DT,PLT_NO,PLT_WGT,STD_STLGRD,PLT_THK)","报表:六安SPRE0030中厚板轧制量管理/SPRE0006入库量明细(计产时间口径)","钢种=STD_STLGRD(覆盖324,776/326,095)；厚度=PLT_THK；加热炉号需join SPR_FCE_CHARGE","日/月；FIN_SUMUP_DT=精整完工计产日(汇总日概念,非物理完工时刻FIN_END_DTM,两者差异待业务确认J14)","FIN_SUMUP_DT空61,295行不计入；2025-08脏尾巴35条须窗口过滤(D6)；表内含母板(PLT_NO 9位)与子板(13位)两类行,完工量是否仅计子板待裁决(J3)","平台期3.5万~4.0万块/月(2024-05~09)","建议归属:轧钢事业部；确认人签字:____；裁决点J3,J14"
M06,钢板完工量_重量,"完工吨位；产量(吨)；plate output tonnage","Q15,Q17,Q22","SUM(PLT_WGT)；表=SPR_PLATE；过滤同M05；无分母","select round(sum(PLT_WGT)) from SPR_PLATE where FIN_SUMUP_DT >= :d_from and FIN_SUMUP_DT < :d_to","d_from,d_to(同M05)","MESAPUSER.SPR_PLATE(PLT_WGT)","同M05","同M05","同M05","PLT_WGT单位=吨[推断,均值5.7吨/板与中厚板单板重一致,待计量确认J13]；注意块数榜与吨位榜可背离(2024按块数7月最高/按吨位6月最高),回答前先确认口径","20万~22.9万吨/月(2024-05~09)","建议归属:轧钢事业部；确认人签字:____；裁决点J13"
M07,加热炉装炉量,"装炉块数；装炉量；furnace charge count","Q18,Q19,Q47","COUNT(*)；表=SPR_FCE_CHARGE；过滤=CH_DTM落在[起,止)；无分母","select count(*) from SPR_FCE_CHARGE where CH_DTM >= :dtm_from and CH_DTM < :dtm_to","dtm_from,dtm_to(YYYYMMDDHH24MISS字符串)","MESAPUSER.SPR_FCE_CHARGE(CH_DTM,FCE_NO,SLAB_NO,PLT_NO)","界面:六安SPRB0110加热炉实绩查询及录入","加热炉座=FCE_NO(1#/2#两座)","班/日/月；CH_DTM为L2报文时刻","1970纪元占位357条须窗口过滤(D6)；该表为二级报文面,'取消装炉'操作是否物理回删待核(J4)","稳态1.2万~1.5万块/月；2024-10仅5,200块为异常点(检修候选)","建议归属:轧钢事业部；确认人签字:____；裁决点J4"
M08,化学判定不合格率,"成分不合格率；化学合格率(=1-本值)；chem fail rate","Q07,Q08,Q09,Q28,Q43,Q58","分子=COUNT(CHEM_JUDG='F')；分母=COUNT(CHEM_JUDG IN('P','F'))；表=SQM_CHEM_JDG；时间过滤=CHEM_JUDG_DTM落在[起,止)","select round(sum(case when CHEM_JUDG='F' then 1 else 0 end)/nullif(count(*),0)*100,2) from SQM_CHEM_JDG where CHEM_JUDG in ('P','F') and CHEM_JUDG_DTM >= :dtm_from and CHEM_JUDG_DTM < :dtm_to","dtm_from,dtm_to(YYYYMMDDHH24MISS字符串)","MESAPUSER.SQM_CHEM_JDG(CHEM_JUDG,CHEM_JUDG_DTM,CHEM_CD,MTRL_NO；实测值取老列CHEM_RSLT/CHEM_MIN/CHEM_MAX)","界面:六安SQMO1020钢坯成分判定查询/SQMO1030判定及处理；报表:SQMQ1360炼钢质量综合","元素=CHEM_CD(经VW_SQM_DSN_CHEM_CODE翻译)；炉号=MTRL_NO","日/月；按判定时刻CHEM_JUDG_DTM,非取样时刻","未判定NULL(375,271条)不进分母；实测值必须取老列,CHEM_*2新列全空(D2)；F中870条无实测值仍按判定标记计入(D3)；同炉同元素存在JDG_SEQ多次判定,当前口径=按记录条数,若按最终判定需取max(JDG_SEQ)待裁决(J5)；2024-10起F=0为口径突变段禁用于趋势(D4)；除零返回无数据","稳态月1.2%~3.9%；爬坡月最高15.4%(2024-03)","建议归属:品质部；确认人签字:____；裁决点J5"
M09,化学不合格元素TopN,"不合格元素分布；失控元素排名","Q29,Q44","按CHEM_CD分组COUNT(*)取前N；表=SQM_CHEM_JDG；过滤=CHEM_JUDG='F'+时间窗；元素名join VW_SQM_DSN_CHEM_CODE","select c.QLT_CHEM_DISP_FORM, x.cnt from (select CHEM_CD, count(*) cnt from SQM_CHEM_JDG where CHEM_JUDG='F' and CHEM_JUDG_DTM >= :dtm_from and CHEM_JUDG_DTM < :dtm_to group by CHEM_CD order by cnt desc fetch first :top_n rows only) x join VW_SQM_DSN_CHEM_CODE c on c.QLT_CHEM_CD=x.CHEM_CD order by x.cnt desc","dtm_from,dtm_to,top_n","MESAPUSER.SQM_CHEM_JDG(CHEM_CD)+VW_SQM_DSN_CHEM_CODE(QLT_CHEM_CD,QLT_CHEM_DISP_FORM)","同M08","元素码表:V01=C,V02=Si,V03=Mn,V04=P,V05=S等","日/月","同M08各边界","全窗Top3=Mn 1,252/C 1,177/Si 739,方向以低于下限为主[抽样]","建议归属:品质部；确认人签字:____"
M10,化学不合格炉次数,"不合格炉数；fail heat count","Q08","COUNT(DISTINCT MTRL_NO)；表=SQM_CHEM_JDG；过滤=CHEM_JUDG='F'+时间窗","select count(distinct MTRL_NO) from SQM_CHEM_JDG where CHEM_JUDG='F' and CHEM_JUDG_DTM >= :dtm_from and CHEM_JUDG_DTM < :dtm_to","dtm_from,dtm_to","MESAPUSER.SQM_CHEM_JDG(MTRL_NO)","同M08","无下钻(炉次即最细粒度)","日/月","MTRL_NO主体=炼钢炉号(36.2万/49.2万条可与SMS_HEAT.HEAT_NO对上=73.5%),库内炉号编号族5~10位并存,其余26.5%对应关系待核(J6)","2024-07为659个炉次","建议归属:品质部；确认人签字:____；裁决点J6"
M11,产品综合判定合格率,"良率；合格率；综判合格率；yield","Q23,Q50,R01","分子=COUNT(PROD_TOT_JDG_GRD='1')；分母=COUNT(*)；表=SQM_TOT_JDG_RSLT；时间过滤=PROD_TOT_JDG_DTM落在[起,止)","select round(sum(case when PROD_TOT_JDG_GRD='1' then 1 else 0 end)/nullif(count(*),0)*100,2) from SQM_TOT_JDG_RSLT where PROD_TOT_JDG_DTM >= :dtm_from and PROD_TOT_JDG_DTM < :dtm_to","dtm_from,dtm_to(YYYYMMDDHH24MISS字符串)","MESAPUSER.SQM_TOT_JDG_RSLT(PROD_TOT_JDG_GRD,PROD_TOT_JDG_DTM,CHEM_JDG_GRD,MECH_JDG_GRD,APPR_JDG_GRD,SPEC_CD)","界面:六安SQMO1090综合判定结果查询/SQMO1110综合判定及处理/SQMO1080综合判定基准","钢种=SPEC_CD；分项等级=CHEM_JDG_GRD/MECH_JDG_GRD/APPR_JDG_GRD(下滑排查按此三面分解)","日/月","等级枚举:1合格/2订单外1级/4自用坯/5A外观/5B物理/5C成分/9不合格品；测试库90,888条全为1恒等100%无区分度(D1),生产库分布待验证；存在判定变更40.5万条(SPR_APPR_JDG_CHG_LIST),取当前值还是初判值待裁决(J7)；分母是否剔除自用坯(4)待裁决(J8)；除零返回无数据","测试库100%(无参考意义)；目标值待业务方给出","建议归属:品质部(车间与品质分歧建议以品质为准,须签字确认)；确认人签字:____；裁决点J7,J8"
M12,质量封锁未措施积压数,"待处理HOLD；封锁积压；open hold count","Q24,Q53","COUNT(*)；表=SQM_JDG_HLD；过滤=HOLD_MTL_STS_CD='2'(未措施)；截面指标可选按HOLD_MTL_OCR_DTM加发生窗","select count(*) from SQM_JDG_HLD where HOLD_MTL_STS_CD = '2'","无(截面)；可选ocr_from/ocr_to按HOLD_MTL_OCR_DTM","MESAPUSER.SQM_JDG_HLD(HOLD_MTL_STS_CD,HOLD_MTL_OCR_DTM,PROG_CD,PROD_NO)","无独立界面(六安手册未见HOLD画面,J15)","工序=PROG_CD；产品=PROD_NO","截面(时点)指标","码义:1=措施/2=未措施(VW_CODE_MASTER已核)；测试库全部为1,积压=0","测试库0条","建议归属:品质部；确认人签字:____；裁决点J15"
M13,在产订单行数,"生产中订单；在制订单行；WIP order lines","Q31","COUNT(*)；表=SSD_ORDER_LINE；过滤=ORD_LN_STS='E'(生产中)","select count(*) from SSD_ORDER_LINE where ORD_LN_STS = 'E'","无(截面)","MESAPUSER.SSD_ORDER_LINE(ORD_LN_STS,ORD_NO,ORD_LN,STD_STLGRD)","无","牌号=STD_STLGRD；订单=ORD_NO","截面(时点)指标","状态枚举(VW_CODE_MASTER组ORD_STS):K生产结束/E生产中/X订单取消/C订单确认等待/B确认取消/A订单保存/D订单确认/G发货结束/Z订单结束；库内实存H(12行)F(4行)两值不在码表,含义待补(J9)","快照2,578行","建议归属:生产部；确认人签字:____；裁决点J9"
M14,新增订单行数,"订单量；接单量；new order lines","Q33,Q36,Q48,Q60","COUNT(*)；表=SSD_ORDER_LINE；过滤=CRT_TM落在[起,止)","select count(*) from SSD_ORDER_LINE where CRT_TM >= to_date(:date_from,'YYYY-MM-DD') and CRT_TM < to_date(:date_to,'YYYY-MM-DD')+1","date_from,date_to(自然日)","MESAPUSER.SSD_ORDER_LINE(CRT_TM,STD_STLGRD,ORD_NO,CHG_ORD_NO)","无","牌号=STD_STLGRD；客户需join SSD_ORDER_HEAD","日/月；按订单行创建时间CRT_TM","变更单(CHG_ORD_NO非空)是否算新增待裁决(J10)；行数口径非吨位口径(ORD_LN_QTY单位待确认)","月峰2024-10 2,203行；月间振幅±40%","建议归属:营销/生产部；确认人签字:____；裁决点J10"
M15,成品入库量_块数,"入库量；入库块数；warehouse receipt count","Q39,Q41,Q61","COUNT(*)；表=SYD_PROD_RECEIPT；过滤=INWH_PROD_DTM落在[起,止)","select count(*) from SYD_PROD_RECEIPT where INWH_PROD_DTM >= :dtm_from and INWH_PROD_DTM < :dtm_to","dtm_from,dtm_to(YYYYMMDDHH24MISS字符串)","MESAPUSER.SYD_PROD_RECEIPT(INWH_PROD_DTM,PROD_NO,LOC_CD)","界面:六安SYDH0163中厚板入库管理/SYDZ0010入库查询；报表:SYDH0030品种规格入库统计","库位=LOC_CD；产品=PROD_NO","日/月","净重列PROD_NET_RMW_WGT大面积为空(2024-11仅4,896/33,406有值,D5),入库吨位须join SPR_PLATE.PLT_WGT(PROD_NO=PLT_NO待核J16)不得直接sum本表","1.3万~3.3万块/月,波动大","建议归属:仓储部；确认人签字:____；裁决点J16"
M16,提货单发货完成率,"发货完成率；提货单完成率；dispatch completion rate","Q37,Q54","分子=COUNT(DORD_STS='F'发货结束)；分母=COUNT(DORD_STS<>'Z'即剔除取消单)；表=SYD_DISP_ORD","select round(sum(case when DORD_STS='F' then 1 else 0 end)/nullif(sum(case when DORD_STS<>'Z' then 1 else 0 end),0)*100,1) from SYD_DISP_ORD","无(截面)；可选按DORD_CRT_DTM加窗","MESAPUSER.SYD_DISP_ORD(DORD_STS,CUST_NM,DORD_CRT_DTM,DORD_COMPL_DTM)","界面:六安SYDH0013中厚板发货/SYDH0031产品发货","客户=CUST_NM；状态枚举:A提货单生成/B提货单确认/C装车中/F发货结束/Z提货单取消(VW_CODE_MASTER已核)","截面或按创建窗","取消单Z默认剔除分母,是否计入待确认(J11)；按张数口径非吨位口径","快照70.0%(1,219/1,741)；未完成主体堆在B提货单确认(500张)","建议归属:仓储/物流部；确认人签字:____；裁决点J11"
M17,外观检查完成率,"表检完成率；外检完成率；appearance inspection rate","Q30","分子=COUNT(APPR_JDG_YN='Y')；分母=COUNT(*)；表=SPR_PLATE；可选按FIN_SUMUP_DT加窗","select round(sum(case when APPR_JDG_YN='Y' then 1 else 0 end)/nullif(count(*),0)*100,1) from SPR_PLATE where FIN_SUMUP_DT >= :d_from and FIN_SUMUP_DT < :d_to","d_from,d_to(YYYYMMDD字符,可省略为全量截面)","MESAPUSER.SPR_PLATE(APPR_JDG_YN,FIN_SUMUP_DT)","界面:六安SMSQ1320中厚板表面检查","钢种=STD_STLGRD","截面或按完工窗","空值139,190行含义(未检/不适用)未定(J12)；备选口径Y/(Y+N)=99.99%几乎无区分度,默认采用Y/总数口径","快照全量57.3%(186,892/326,095)","建议归属:品质部；确认人签字:____；裁决点J12"
